PRAGMA foreign_keys = OFF;
INSERT INTO Ubicacion (Id, Nombre, Tipo, ParentId, Descripcion, Latitud, Longitud) VALUES (1, 'Tungurahua', 'Provincia', NULL, NULL, NULL, NULL);
INSERT INTO Ubicacion (Id, Nombre, Tipo, ParentId, Descripcion, Latitud, Longitud) VALUES (2, 'Ambato', 'Canton', 1, NULL, NULL, NULL);
INSERT INTO Ubicacion (Id, Nombre, Tipo, ParentId, Descripcion, Latitud, Longitud) VALUES (3, 'Baños de Agua Santa', 'Canton', 1, 'Canton turistico de Tungurahua conocido por aguas termales, aventura y Ruta de las Cascadas.', -1.3928344, -78.4268758);
INSERT INTO Ubicacion (Id, Nombre, Tipo, ParentId, Descripcion, Latitud, Longitud) VALUES (4, 'Baños de Agua Santa (Matriz)', 'Parroquia', 3, NULL, NULL, NULL);
INSERT INTO Ubicacion (Id, Nombre, Tipo, ParentId, Descripcion, Latitud, Longitud) VALUES (5, 'Ulba', 'Parroquia', 3, 'Parroquia y zona natural de Baños asociada a cascadas, rios y bosque humedo andino.', -1.39609, -78.39482);
INSERT INTO Ubicacion (Id, Nombre, Tipo, ParentId, Descripcion, Latitud, Longitud) VALUES (6, 'Imbabura', 'Provincia', NULL, NULL, NULL, NULL);
INSERT INTO Ubicacion (Id, Nombre, Tipo, ParentId, Descripcion, Latitud, Longitud) VALUES (7, 'Cotopaxi', 'Provincia', NULL, NULL, NULL, NULL);
INSERT INTO Ubicacion (Id, Nombre, Tipo, ParentId, Descripcion, Latitud, Longitud) VALUES (8, 'Morona Santiago', 'Provincia', NULL, NULL, NULL, NULL);
INSERT INTO Ubicacion (Id, Nombre, Tipo, ParentId, Descripcion, Latitud, Longitud) VALUES (9, 'Pichincha', 'Provincia', NULL, NULL, NULL, NULL);
INSERT INTO Ubicacion (Id, Nombre, Tipo, ParentId, Descripcion, Latitud, Longitud) VALUES (10, 'Chimborazo', 'Provincia', NULL, NULL, NULL, NULL);
INSERT INTO Ubicacion (Id, Nombre, Tipo, ParentId, Descripcion, Latitud, Longitud) VALUES (11, 'Manabí', 'Provincia', NULL, NULL, NULL, NULL);
INSERT INTO Ubicacion (Id, Nombre, Tipo, ParentId, Descripcion, Latitud, Longitud) VALUES (12, 'Carchi', 'Provincia', NULL, NULL, NULL, NULL);
INSERT INTO Ubicacion (Id, Nombre, Tipo, ParentId, Descripcion, Latitud, Longitud) VALUES (13, 'Otavalo', 'Canton', 6, 'Cabecera y canton andino de Imbabura, acceso principal para visitar Peguche.', NULL, NULL);
INSERT INTO Ubicacion (Id, Nombre, Tipo, ParentId, Descripcion, Latitud, Longitud) VALUES (14, 'Miguel Egas Cabezas', 'Parroquia', 13, 'Parroquia rural conocida tambien como Peguche.', 0.250419, -78.243681);
INSERT INTO Ubicacion (Id, Nombre, Tipo, ParentId, Descripcion, Latitud, Longitud) VALUES (15, 'Cascada de Peguche', 'Sitio', 14, 'Bosque protector y centro ceremonial indigena a pocos minutos de Otavalo.', 0.238533, -78.239078);
INSERT INTO Ubicacion (Id, Nombre, Tipo, ParentId, Descripcion, Latitud, Longitud) VALUES (16, 'Pujili', 'Canton', 7, 'Canton de Cotopaxi que integra el corredor andino del Quilotoa Loop.', NULL, NULL);
INSERT INTO Ubicacion (Id, Nombre, Tipo, ParentId, Descripcion, Latitud, Longitud) VALUES (17, 'Zumbahua', 'Parroquia', 16, 'Parroquia andina de acceso habitual hacia la laguna del crater.', NULL, NULL);
INSERT INTO Ubicacion (Id, Nombre, Tipo, ParentId, Descripcion, Latitud, Longitud) VALUES (18, 'Laguna de Quilotoa', 'Sitio', 17, 'Laguna volcanica de origen calderico en el borde del crater del Quilotoa.', -0.861111, -78.897222);
INSERT INTO Ubicacion (Id, Nombre, Tipo, ParentId, Descripcion, Latitud, Longitud) VALUES (19, 'Limon Indanza', 'Canton', 8, 'Canton amazonico desde el que se organizan accesos a la cueva.', NULL, NULL);
INSERT INTO Ubicacion (Id, Nombre, Tipo, ParentId, Descripcion, Latitud, Longitud) VALUES (20, 'Cueva de los Tayos', 'Sitio', 19, 'Sistema de cuevas en Morona Santiago. El acceso turistico es referencial y debe hacerse con guia.', -3.051498, -78.205358);
INSERT INTO Ubicacion (Id, Nombre, Tipo, ParentId, Descripcion, Latitud, Longitud) VALUES (21, 'San Miguel de los Bancos', 'Canton', 9, 'Canton del noroccidente de Pichincha que agrupa el valle de Mindo.', NULL, NULL);
INSERT INTO Ubicacion (Id, Nombre, Tipo, ParentId, Descripcion, Latitud, Longitud) VALUES (22, 'Mindo', 'Parroquia', 21, 'Parroquia de bosque nublado reconocida por aviturismo y cascadas.', NULL, NULL);
INSERT INTO Ubicacion (Id, Nombre, Tipo, ParentId, Descripcion, Latitud, Longitud) VALUES (23, 'Bosque Protector Mindo Nambillo', 'Sitio', 22, 'Reserva de bosque nublado cerca de Mindo, ideal para aves, cascadas y senderos.', -0.066667, -78.75);
INSERT INTO Ubicacion (Id, Nombre, Tipo, ParentId, Descripcion, Latitud, Longitud) VALUES (24, 'Chunchi', 'Canton', 10, 'Canton chimboracense donde se ubica el ascenso a Puñay.', NULL, NULL);
INSERT INTO Ubicacion (Id, Nombre, Tipo, ParentId, Descripcion, Latitud, Longitud) VALUES (25, 'Santa Rosa', 'Comunidad', 24, 'Entorno comunitario desde donde parte buena parte del ascenso a Puñay.', NULL, NULL);
INSERT INTO Ubicacion (Id, Nombre, Tipo, ParentId, Descripcion, Latitud, Longitud) VALUES (26, 'Cerro Puñay', 'Sitio', 25, 'Montana y complejo arqueologico con mirador panoramico y forma asociada a la guacamaya.', -2.331714, -78.971301);
INSERT INTO Ubicacion (Id, Nombre, Tipo, ParentId, Descripcion, Latitud, Longitud) VALUES (27, 'Puerto Lopez', 'Canton', 11, 'Canton costero de Manabi que conecta con el Parque Nacional Machalilla.', NULL, NULL);
INSERT INTO Ubicacion (Id, Nombre, Tipo, ParentId, Descripcion, Latitud, Longitud) VALUES (28, 'Parque Nacional Machalilla', 'Area Protegida', 27, 'Area natural protegida donde se localiza Playa Los Frailes.', -1.5625, -80.83);
INSERT INTO Ubicacion (Id, Nombre, Tipo, ParentId, Descripcion, Latitud, Longitud) VALUES (29, 'Playa Los Frailes', 'Sitio', 28, 'Playa de aguas claras y entorno seco tropical dentro del Parque Nacional Machalilla.', -1.496111, -80.803333);
INSERT INTO Ubicacion (Id, Nombre, Tipo, ParentId, Descripcion, Latitud, Longitud) VALUES (30, 'Espejo', 'Canton', 12, 'Canton de Carchi cuya cabecera es El Angel y desde donde se accede a la reserva.', NULL, NULL);
INSERT INTO Ubicacion (Id, Nombre, Tipo, ParentId, Descripcion, Latitud, Longitud) VALUES (31, 'El Angel', 'Parroquia', 30, 'Cabecera y puerta de entrada habitual hacia la reserva ecologica.', NULL, NULL);
INSERT INTO Ubicacion (Id, Nombre, Tipo, ParentId, Descripcion, Latitud, Longitud) VALUES (32, 'Reserva Ecológica El Ángel', 'Sitio', 31, 'Reserva de paramo con frailejones, humedales y senderos de altura.', 0.754722, -77.894722);
INSERT INTO Ubicacion (Id, Nombre, Tipo, ParentId, Descripcion, Latitud, Longitud) VALUES (33, 'Alausi', 'Canton', 10, 'Canton chimboracense vinculado al acceso del complejo lacustre.', NULL, NULL);
INSERT INTO Ubicacion (Id, Nombre, Tipo, ParentId, Descripcion, Latitud, Longitud) VALUES (34, 'Achupallas', 'Parroquia', 33, 'Parroquia rural cercana a Ozogoche y al Parque Nacional Sangay.', NULL, NULL);
INSERT INTO Ubicacion (Id, Nombre, Tipo, ParentId, Descripcion, Latitud, Longitud) VALUES (35, 'Complejo Lacustre de Ozogoche', 'Sitio', 34, 'Conjunto de lagunas altoandinas dentro del entorno del Parque Nacional Sangay.', -2.216667, -78.616667);
INSERT INTO Sitio (Id, Nombre, Descripcion, Actividades, UbicacionId, Estado, FechaCreacion) VALUES (3, 'La cascada del silencio ', 'Cascada tranquila ubicada en el sector de Ulba, cerca de Baños de Agua Santa. Destaca por su ambiente natural, caminata corta y paisaje de bosque humedo andino.', 'Senderismo, fotografia, observacion de cascadas, turismo de naturaleza', 5, 'Activo', '2026-03-09 00:00:00');
INSERT INTO Sitio (Id, Nombre, Descripcion, Actividades, UbicacionId, Estado, FechaCreacion) VALUES (4, 'El manto de la novia', 'Cascada de la Ruta de las Cascadas de Baños, reconocida por su caida blanca que recuerda al velo de una novia y por la tarabita panoramica del sector.', 'Tarabita, fotografia, senderismo, observacion de paisajes', 3, 'Activo', '2026-06-07 00:00:00');
INSERT INTO Sitio (Id, Nombre, Descripcion, Actividades, UbicacionId, Estado, FechaCreacion) VALUES (5, 'Cascada de Peguche', 'Hermosa cascada de 18 metros de altura rodeada por un bosque natural. Es considerada un lugar sagrado para las comunidades indígenas de la zona.', 'Senderismo, fotografía, observación de flora y fauna, turismo cultural', 15, 'Activo', '2026-06-10 00:00:00');
INSERT INTO Sitio (Id, Nombre, Descripcion, Actividades, UbicacionId, Estado, FechaCreacion) VALUES (6, 'Laguna de Quilotoa', 'Laguna volcánica de aguas turquesas ubicada dentro del cráter del volcán Quilotoa.', 'Caminatas, kayak, fotografía y observación de paisajes', 18, 'Activo', '2026-06-10 00:00:00');
INSERT INTO Sitio (Id, Nombre, Descripcion, Actividades, UbicacionId, Estado, FechaCreacion) VALUES (7, 'Cueva de los Tayos', 'Sistema de cuevas reconocido por sus impresionantes formaciones rocosas y biodiversidad.', 'Exploración, senderismo y observación de fauna', 20, 'Activo', '2026-06-10 00:00:00');
INSERT INTO Sitio (Id, Nombre, Descripcion, Actividades, UbicacionId, Estado, FechaCreacion) VALUES (8, 'Bosque Protector Mindo Nambillo', 'Bosque nublado con gran diversidad de aves, mariposas y cascadas.', 'Canopy, senderismo, observación de aves y ciclismo', 23, 'Activo', '2026-06-10 00:00:00');
INSERT INTO Sitio (Id, Nombre, Descripcion, Actividades, UbicacionId, Estado, FechaCreacion) VALUES (9, 'Cerro Puñay', 'Montaña con una pirámide arqueológica en la cima y espectaculares vistas panorámicas.', 'Senderismo, camping y fotografía', 26, 'Activo', '2026-06-10 00:00:00');
INSERT INTO Sitio (Id, Nombre, Descripcion, Actividades, UbicacionId, Estado, FechaCreacion) VALUES (10, 'Playa Los Frailes', 'Considerada una de las playas más hermosas del Ecuador por sus aguas cristalinas y entorno natural.', 'Natación, caminatas y observación de paisajes', 29, 'Activo', '2026-06-10 00:00:00');
INSERT INTO Sitio (Id, Nombre, Descripcion, Actividades, UbicacionId, Estado, FechaCreacion) VALUES (11, 'Reserva Ecológica El Ángel', 'Reserva famosa por sus frailejones gigantes y ecosistemas de páramo únicos.', 'Senderismo, observación de flora y fotografía', 32, 'Activo', '2026-06-10 00:00:00');
INSERT INTO Sitio (Id, Nombre, Descripcion, Actividades, UbicacionId, Estado, FechaCreacion) VALUES (12, 'Complejo Lacustre de Ozogoche', 'Conjunto de lagunas rodeadas por páramos andinos y leyendas ancestrales.', 'Observación de aves, senderismo y fotografía', 35, 'Activo', '2026-06-10 00:00:00');
INSERT INTO Costo (Id, SitioId, Tipo, Valor, Moneda, Observacion) VALUES (13, 5, 'Entrada', 5, 'USD', 'Ingreso gratuito. Referencia curada el 10/06/2026.');
INSERT INTO Costo (Id, SitioId, Tipo, Valor, Moneda, Observacion) VALUES (16, 6, 'Acceso base', 2, 'USD', 'Referencia minima para ingreso o servicios basicos consultada el 10/06/2026.');
INSERT INTO Costo (Id, SitioId, Tipo, Valor, Moneda, Observacion) VALUES (17, 6, 'Actividad guiada', 5, 'USD', 'Referencia maxima para actividades como kayak o apoyo guiado, consultada el 10/06/2026.');
INSERT INTO Costo (Id, SitioId, Tipo, Valor, Moneda, Observacion) VALUES (18, 7, 'Ingreso con guia', 20, 'USD', 'Tarifa referencial minima para recorridos guiados, consultada el 10/06/2026.');
INSERT INTO Costo (Id, SitioId, Tipo, Valor, Moneda, Observacion) VALUES (19, 8, 'Ingreso base', 3, 'USD', 'Valor referencial minimo segun actividad, consultado el 10/06/2026.');
INSERT INTO Costo (Id, SitioId, Tipo, Valor, Moneda, Observacion) VALUES (20, 8, 'Actividad premium', 10, 'USD', 'Valor referencial maximo para canopy u otras actividades, consultado el 10/06/2026.');
INSERT INTO Costo (Id, SitioId, Tipo, Valor, Moneda, Observacion) VALUES (21, 9, 'Entrada', 1, 'USD', 'Costo por persona, consultado el 10/06/2026.');
INSERT INTO Costo (Id, SitioId, Tipo, Valor, Moneda, Observacion) VALUES (22, 10, 'Entrada', 0.0000, 'USD', 'Acceso gratuito de referencia, consultado el 10/06/2026.');
INSERT INTO Costo (Id, SitioId, Tipo, Valor, Moneda, Observacion) VALUES (23, 11, 'Entrada', 0.0000, 'USD', 'Guia local $15, consultado el 10/06/2026.');
INSERT INTO Costo (Id, SitioId, Tipo, Valor, Moneda, Observacion) VALUES (24, 12, 'Entrada', 1, 'USD', ' Consultado el 10/06/2026.');
INSERT INTO Costo (Id, SitioId, Tipo, Valor, Moneda, Observacion) VALUES (25, 3, 'Entrada referencial', 1, 'USD', 'Referencia de acceso local para Cascada del Silencio consultada el 11/06/2026.');
INSERT INTO Costo (Id, SitioId, Tipo, Valor, Moneda, Observacion) VALUES (26, 4, 'Acceso', 1, 'USD', 'Referencia de ingreso local al sector de la cascada, consultada el 11/06/2026.');
INSERT INTO Costo (Id, SitioId, Tipo, Valor, Moneda, Observacion) VALUES (27, 4, 'Tarabita', 2.5, 'USD', 'Referencia media para tarabita o mirador panoramico, consultada el 11/06/2026.');
INSERT INTO Comida (Id, Nombre) VALUES (1, 'Ceviche');
INSERT INTO Comida (Id, Nombre) VALUES (2, 'Hornado');
INSERT INTO Comida (Id, Nombre) VALUES (3, 'Fritada');
INSERT INTO Comida (Id, Nombre) VALUES (4, 'Llapingachos');
INSERT INTO Comida (Id, Nombre) VALUES (5, 'Yahuarlocro');
INSERT INTO Comida (Id, Nombre) VALUES (6, 'Mote');
INSERT INTO Comida (Id, Nombre) VALUES (7, 'Chicha de jora');
INSERT INTO Comida (Id, Nombre) VALUES (8, 'Empanadas de viento');
INSERT INTO Comida (Id, Nombre) VALUES (9, 'Chugchucaras');
INSERT INTO Comida (Id, Nombre) VALUES (10, 'Cuy asado');
INSERT INTO Comida (Id, Nombre) VALUES (11, 'Ayampaco');
INSERT INTO Comida (Id, Nombre) VALUES (12, 'Maito de tilapia');
INSERT INTO Comida (Id, Nombre) VALUES (13, 'Encebollado');
INSERT INTO Comida (Id, Nombre) VALUES (14, 'Viche manabita');
INSERT INTO Comida (Id, Nombre) VALUES (15, 'Corviche');
INSERT INTO Comida (Id, Nombre) VALUES (16, 'Bolon de verde');
INSERT INTO Comida (Id, Nombre) VALUES (17, 'Trucha frita');
INSERT INTO SitioComida (SitioId, ComidaId, ValorReferencial, Observacion) VALUES (3, 17, 7, 'Precio referencial por consumo individual consultado en linea el 11/06/2026; puede variar por local, temporada y porcion.');
INSERT INTO SitioComida (SitioId, ComidaId, ValorReferencial, Observacion) VALUES (3, 5, 4, 'Precio referencial por consumo individual consultado en linea el 11/06/2026; puede variar por local, temporada y porcion.');
INSERT INTO SitioComida (SitioId, ComidaId, ValorReferencial, Observacion) VALUES (3, 8, 1.4, 'Precio referencial por consumo individual consultado en linea el 11/06/2026; puede variar por local, temporada y porcion.');
INSERT INTO SitioComida (SitioId, ComidaId, ValorReferencial, Observacion) VALUES (3, 7, 1.65, 'Precio referencial por consumo individual consultado en linea el 11/06/2026; puede variar por local, temporada y porcion.');
INSERT INTO SitioComida (SitioId, ComidaId, ValorReferencial, Observacion) VALUES (4, 17, 7, 'Precio referencial por consumo individual consultado en linea el 11/06/2026; puede variar por local, temporada y porcion.');
INSERT INTO SitioComida (SitioId, ComidaId, ValorReferencial, Observacion) VALUES (4, 4, 3.5, 'Precio referencial por consumo individual consultado en linea el 11/06/2026; puede variar por local, temporada y porcion.');
INSERT INTO SitioComida (SitioId, ComidaId, ValorReferencial, Observacion) VALUES (4, 3, 3.5, 'Precio referencial por consumo individual consultado en linea el 11/06/2026; puede variar por local, temporada y porcion.');
INSERT INTO SitioComida (SitioId, ComidaId, ValorReferencial, Observacion) VALUES (4, 8, 1.4, 'Precio referencial por consumo individual consultado en linea el 11/06/2026; puede variar por local, temporada y porcion.');
INSERT INTO SitioComida (SitioId, ComidaId, ValorReferencial, Observacion) VALUES (5, 2, 5.5, 'Precio referencial por plato con base en publicaciones y menus en linea consultados el 10/06/2026.');
INSERT INTO SitioComida (SitioId, ComidaId, ValorReferencial, Observacion) VALUES (5, 3, 3.5, 'Precio referencial por plato en Otavalo consultado el 10/06/2026.');
INSERT INTO SitioComida (SitioId, ComidaId, ValorReferencial, Observacion) VALUES (5, 4, 3.5, 'Precio referencial por porcion o acompanamiento en Otavalo consultado el 10/06/2026.');
INSERT INTO SitioComida (SitioId, ComidaId, ValorReferencial, Observacion) VALUES (5, 5, 4, 'Precio referencial por plato consultado en menus en linea el 10/06/2026.');
INSERT INTO SitioComida (SitioId, ComidaId, ValorReferencial, Observacion) VALUES (5, 6, 2, 'Precio referencial por porcion consultado en linea el 10/06/2026.');
INSERT INTO SitioComida (SitioId, ComidaId, ValorReferencial, Observacion) VALUES (5, 7, 1.65, 'Precio referencial por vaso o media botella consultado en linea el 10/06/2026.');
INSERT INTO SitioComida (SitioId, ComidaId, ValorReferencial, Observacion) VALUES (5, 8, 1.4, 'Precio referencial por unidad consultado en linea el 10/06/2026.');
INSERT INTO SitioComida (SitioId, ComidaId, ValorReferencial, Observacion) VALUES (6, 9, 8, 'Precio referencial por consumo individual consultado en linea el 11/06/2026; puede variar por local, temporada y porcion.');
INSERT INTO SitioComida (SitioId, ComidaId, ValorReferencial, Observacion) VALUES (6, 10, 10, 'Precio referencial por consumo individual consultado en linea el 11/06/2026; puede variar por local, temporada y porcion.');
INSERT INTO SitioComida (SitioId, ComidaId, ValorReferencial, Observacion) VALUES (6, 5, 4, 'Precio referencial por consumo individual consultado en linea el 11/06/2026; puede variar por local, temporada y porcion.');
INSERT INTO SitioComida (SitioId, ComidaId, ValorReferencial, Observacion) VALUES (6, 7, 1.65, 'Precio referencial por consumo individual consultado en linea el 11/06/2026; puede variar por local, temporada y porcion.');
INSERT INTO SitioComida (SitioId, ComidaId, ValorReferencial, Observacion) VALUES (7, 11, 6, 'Precio estandar referencial para Morona Santiago consultado el 11/06/2026.');
INSERT INTO SitioComida (SitioId, ComidaId, ValorReferencial, Observacion) VALUES (7, 12, 7, 'Precio referencial por consumo individual consultado en linea el 11/06/2026; puede variar por local, temporada y porcion.');
INSERT INTO SitioComida (SitioId, ComidaId, ValorReferencial, Observacion) VALUES (7, 7, 1.65, 'Precio referencial por consumo individual consultado en linea el 11/06/2026; puede variar por local, temporada y porcion.');
INSERT INTO SitioComida (SitioId, ComidaId, ValorReferencial, Observacion) VALUES (7, 6, 2, 'Precio referencial por consumo individual consultado en linea el 11/06/2026; puede variar por local, temporada y porcion.');
INSERT INTO SitioComida (SitioId, ComidaId, ValorReferencial, Observacion) VALUES (8, 17, 7, 'Precio referencial por consumo individual consultado en linea el 11/06/2026; puede variar por local, temporada y porcion.');
INSERT INTO SitioComida (SitioId, ComidaId, ValorReferencial, Observacion) VALUES (8, 1, 8, 'Precio referencial por consumo individual consultado en linea el 11/06/2026; puede variar por local, temporada y porcion.');
INSERT INTO SitioComida (SitioId, ComidaId, ValorReferencial, Observacion) VALUES (8, 16, 3.5, 'Precio referencial por consumo individual consultado en linea el 11/06/2026; puede variar por local, temporada y porcion.');
INSERT INTO SitioComida (SitioId, ComidaId, ValorReferencial, Observacion) VALUES (8, 8, 1.4, 'Precio referencial por consumo individual consultado en linea el 11/06/2026; puede variar por local, temporada y porcion.');
INSERT INTO SitioComida (SitioId, ComidaId, ValorReferencial, Observacion) VALUES (9, 2, 5.5, 'Precio referencial por consumo individual consultado en linea el 11/06/2026; puede variar por local, temporada y porcion.');
INSERT INTO SitioComida (SitioId, ComidaId, ValorReferencial, Observacion) VALUES (9, 10, 10, 'Precio referencial por consumo individual consultado en linea el 11/06/2026; puede variar por local, temporada y porcion.');
INSERT INTO SitioComida (SitioId, ComidaId, ValorReferencial, Observacion) VALUES (9, 4, 3.5, 'Precio referencial por consumo individual consultado en linea el 11/06/2026; puede variar por local, temporada y porcion.');
INSERT INTO SitioComida (SitioId, ComidaId, ValorReferencial, Observacion) VALUES (9, 7, 1.65, 'Precio referencial por consumo individual consultado en linea el 11/06/2026; puede variar por local, temporada y porcion.');
INSERT INTO SitioComida (SitioId, ComidaId, ValorReferencial, Observacion) VALUES (10, 1, 8, 'Precio referencial por consumo individual consultado en linea el 11/06/2026; puede variar por local, temporada y porcion.');
INSERT INTO SitioComida (SitioId, ComidaId, ValorReferencial, Observacion) VALUES (10, 13, 5.25, 'Referencia de encebollado en Ecuador consultada el 11/06/2026.');
INSERT INTO SitioComida (SitioId, ComidaId, ValorReferencial, Observacion) VALUES (10, 14, 7, 'Precio referencial por consumo individual consultado en linea el 11/06/2026; puede variar por local, temporada y porcion.');
INSERT INTO SitioComida (SitioId, ComidaId, ValorReferencial, Observacion) VALUES (10, 15, 2.5, 'Precio referencial por consumo individual consultado en linea el 11/06/2026; puede variar por local, temporada y porcion.');
INSERT INTO SitioComida (SitioId, ComidaId, ValorReferencial, Observacion) VALUES (10, 16, 3.5, 'Precio referencial por consumo individual consultado en linea el 11/06/2026; puede variar por local, temporada y porcion.');
INSERT INTO SitioComida (SitioId, ComidaId, ValorReferencial, Observacion) VALUES (11, 2, 5.5, 'Precio referencial por consumo individual consultado en linea el 11/06/2026; puede variar por local, temporada y porcion.');
INSERT INTO SitioComida (SitioId, ComidaId, ValorReferencial, Observacion) VALUES (11, 10, 10, 'Precio referencial por consumo individual consultado en linea el 11/06/2026; puede variar por local, temporada y porcion.');
INSERT INTO SitioComida (SitioId, ComidaId, ValorReferencial, Observacion) VALUES (11, 5, 4, 'Precio referencial por consumo individual consultado en linea el 11/06/2026; puede variar por local, temporada y porcion.');
INSERT INTO SitioComida (SitioId, ComidaId, ValorReferencial, Observacion) VALUES (11, 6, 2, 'Precio referencial por consumo individual consultado en linea el 11/06/2026; puede variar por local, temporada y porcion.');
INSERT INTO SitioComida (SitioId, ComidaId, ValorReferencial, Observacion) VALUES (12, 10, 10, 'Precio referencial por consumo individual consultado en linea el 11/06/2026; puede variar por local, temporada y porcion.');
INSERT INTO SitioComida (SitioId, ComidaId, ValorReferencial, Observacion) VALUES (12, 2, 5.5, 'Precio referencial por consumo individual consultado en linea el 11/06/2026; puede variar por local, temporada y porcion.');
INSERT INTO SitioComida (SitioId, ComidaId, ValorReferencial, Observacion) VALUES (12, 5, 4, 'Precio referencial por consumo individual consultado en linea el 11/06/2026; puede variar por local, temporada y porcion.');
INSERT INTO SitioComida (SitioId, ComidaId, ValorReferencial, Observacion) VALUES (12, 7, 1.65, 'Precio referencial por consumo individual consultado en linea el 11/06/2026; puede variar por local, temporada y porcion.');
INSERT INTO Usuarios (Id, Nombre, Email, PasswordHash, Activo) VALUES (1, 'Administrador', 'admin@turismo.local', '100000.gS1sc2oGLyXtfbrrkkESdQ==.ZdozhdVIjGWfvg98+Ozu3ceEW5LVCVafWPPBhqg37E8=', 1);
INSERT INTO Multimedia (Id, SitioId, Url, Tipo, Orden) VALUES (2, 3, '/uploads/sitios/3/49a167d6c9b0469599c76514eb0d7887.png', 'image/png', 2);
INSERT INTO Multimedia (Id, SitioId, Url, Tipo, Orden) VALUES (3, 3, '/uploads/sitios/3/976157e0169d4ee69ebca23dc04ae98c.png', 'image/png', 3);
INSERT INTO Multimedia (Id, SitioId, Url, Tipo, Orden) VALUES (4, 4, '/uploads/sitios/4/50e401adf6ba468391ec5f54088a9bd3.png', 'image/png', 1);
INSERT INTO Multimedia (Id, SitioId, Url, Tipo, Orden) VALUES (5, 5, '/uploads/sitios/5/peguche-entrada.jpg', 'Imagen', 1);
INSERT INTO Multimedia (Id, SitioId, Url, Tipo, Orden) VALUES (6, 5, '/uploads/sitios/5/peguche-panorama.jpg', 'Imagen', 2);
INSERT INTO Multimedia (Id, SitioId, Url, Tipo, Orden) VALUES (7, 6, '/uploads/sitios/6/quilotoa-panorama-1.jpg', 'Imagen', 1);
INSERT INTO Multimedia (Id, SitioId, Url, Tipo, Orden) VALUES (8, 6, '/uploads/sitios/6/quilotoa-panorama-2.jpg', 'Imagen', 2);
INSERT INTO Multimedia (Id, SitioId, Url, Tipo, Orden) VALUES (9, 7, '/uploads/sitios/7/tayos-puerta.jpg', 'Imagen', 1);
INSERT INTO Multimedia (Id, SitioId, Url, Tipo, Orden) VALUES (10, 7, '/uploads/sitios/7/tayos-chimenea.jpg', 'Imagen', 2);
INSERT INTO Multimedia (Id, SitioId, Url, Tipo, Orden) VALUES (11, 8, '/uploads/sitios/8/mindo-cascada.jpg', 'Imagen', 1);
INSERT INTO Multimedia (Id, SitioId, Url, Tipo, Orden) VALUES (12, 8, '/uploads/sitios/8/mindo-vista.jpg', 'Imagen', 2);
INSERT INTO Multimedia (Id, SitioId, Url, Tipo, Orden) VALUES (13, 9, '/uploads/sitios/9/punay-mirador.jpg', 'Imagen', 1);
INSERT INTO Multimedia (Id, SitioId, Url, Tipo, Orden) VALUES (14, 10, '/uploads/sitios/10/los-frailes-playa.jpg', 'Imagen', 1);
INSERT INTO Multimedia (Id, SitioId, Url, Tipo, Orden) VALUES (15, 10, '/uploads/sitios/10/los-frailes-panorama.jpg', 'Imagen', 2);
INSERT INTO Multimedia (Id, SitioId, Url, Tipo, Orden) VALUES (16, 11, '/uploads/sitios/11/el-angel-reserva.jpg', 'Imagen', 1);
INSERT INTO Multimedia (Id, SitioId, Url, Tipo, Orden) VALUES (17, 11, '/uploads/sitios/11/el-angel-frailejon.jpg', 'Imagen', 2);
INSERT INTO Multimedia (Id, SitioId, Url, Tipo, Orden) VALUES (18, 12, '/uploads/sitios/12/ozogoche-complejo.jpg', 'Imagen', 1);
INSERT INTO Multimedia (Id, SitioId, Url, Tipo, Orden) VALUES (19, 12, '/uploads/sitios/12/ozogoche-laguna.jpg', 'Imagen', 2);
PRAGMA foreign_keys = ON;
